Company,Offer,Expire Date
Booking.com,20,03/13/25
Levi's,2,12/31/24
Royal Caribbean International,15,02/14/25
Little Caesars,10,12/31/24
Marc Jacobs,5,12/31/24
QVC.com,1,01/06/25
Car Rental,15,01/09/25
Johnston & Murphy,5,12/31/24
Six Flags,15,12/31/24
Hotels.com,20,03/13/25
Made In Cookware,10,12/31/24
Rebecca Minkoff,5,12/31/24
Sephora.com,2,01/15/25
Amazon Fresh Online,5,12/31/24
eBay Motors,10,12/31/24
Dell,5,12/16/24
TaxAct,30,04/30/25
Celebrity Cruises,15,02/14/25
Vrbo,20,03/13/25
Safelite AutoGlass,10,12/28/24
Shake Shack,10,12/31/24
Parachute Home,15,12/26/24
Clinique,4,01/06/25
Instant Travel Discounts,20,01/09/25
Bird,10,12/31/24
dyson,2,12/31/24
RentalCars.com,5,12/31/24
Ancestry.com,12,12/31/24
Saks.com,1,12/31/24
lululemon,2,01/15/25
Macys.com,3,01/15/25
Bloomingdale's,2,01/15/25
Burberry,4,12/31/24
kate spade,2,12/31/24
Under Armour,3,01/06/25
Staples.com,2,01/15/25
Carter's,3,01/15/25
Urban Outfitters,2,12/31/24
Lowe's,1,01/15/25
Kate Spade Outlet,2,12/31/24
GNC.com,3,01/15/25
HSN.com,2,01/06/25
Ruggable,2,01/15/25
Kohl's,2,12/31/24
Total Wine & More,3,01/06/25
Lancome,3,12/17/24
Samsung,4,01/06/25
OfficeDepot.com,2,12/31/24
Ace Hardware,2,01/15/25
Sam's Club,10,01/06/25
Neiman Marcus,4,01/15/25
Nike,2,01/06/25
Dior Beauty,6,12/31/24
Zappos.com,2,01/15/25
PetSmart,5,01/15/25
Bergdorf Goodman,5,01/15/25
Finish Line,4,01/15/25
Kiehl's Since 1851,6,01/15/25
LEGO,2,01/15/25
BestBuy.com,1,01/15/25
StubHub,3,01/15/25
Omaha Steaks,5,12/31/24
Home Depot,1,01/15/25
Saks OFF 5TH,4,12/31/24
Tory Burch,2,01/15/25
Adidas,5,01/15/25
Ulta Beauty,4,01/06/25
Shutterfly.com,1,01/15/25
H&M,3,12/31/24
LG Electronics,3,12/31/24
MAC Cosmetics,6,01/15/25
Giftcards.com,2,12/31/24
Coach,2,12/31/24
KOHLER,3,12/31/24
