Bank_Website,Bank,Company,Offer,Expire Date,Logo,CleanName
https://www.bankofamerica.com,Bank Of America,Nandana,120% off,12/29/2024,https://logo.clearbit.com/Nandana.com,Nandana
https://www.bankofamerica.com,Bank Of America,Vrbo,Up to 20%,03/13/2025,https://toesimg.bankofamerica.com/deals?=63155128128.png,Vrbo
https://www.bankofamerica.com,Bank Of America,Lenovo,5-50%,02/05/2025,https://toesimg.bankofamerica.com/deals?=63523128128.png,Lenovo
https://www.bankofamerica.com,Bank Of America,Notarize,15%,01/08/2025,https://toesimg.bankofamerica.com/deals?=63413128128.png,Notarize
https://www.bankofamerica.com,Bank Of America,Clinique,4%,01/06/2025,https://toesimg.bankofamerica.com/deals?=63572128128.png,Clinique
https://www.bankofamerica.com,Bank Of America,Celebrity Cruise Lines,15%,02/14/2025,https://toesimg.bankofamerica.com/deals?=63409128128.png,CelebrityCruiseLines
https://www.bankofamerica.com,Bank Of America,Booking,Up to 20%,03/13/2025,https://toesimg.bankofamerica.com/deals?=62621128128.png,Booking
https://www.bankofamerica.com,Bank Of America,Starbucks,Use Link,08/14/2025,https://toesimg.bankofamerica.com/deals?=63042128128.png,Starbucks
https://www.bankofamerica.com,Bank Of America,Hotels,Up to 20%,01/09/2025,https://toesimg.bankofamerica.com/deals?=63516128128.png,Hotels
https://www.bankofamerica.com,Bank Of America,Rentalcars,5%,12/31/2024,https://toesimg.bankofamerica.com/deals?=62944128128.png,Rentalcars
https://www.bankofamerica.com,Bank Of America,Paramount,$3.00,12/31/2024,https://toesimg.bankofamerica.com/OPS/BankImages.ashx?ImageId=202412131000071072,Paramount
https://www.bankofamerica.com,Bank Of America,Instant Travel,5- 20%,01/09/2025,https://toesimg.bankofamerica.com/deals?=63533128128.png,InstantTravel
https://www.bankofamerica.com,Bank Of America,Expedia,Up to 20%,03/13/2025,https://toesimg.bankofamerica.com/deals?=62654128128.png,Expedia
https://www.bankofamerica.com,Bank Of America,AFC,Up to $300,01/11/2025,https://toesimg.bankofamerica.com/deals?=63527128128.png,AFC
https://www.bankofamerica.com,Bank Of America,Levi's,2%,12/31/2024,https://toesimg.bankofamerica.com/deals?=63576128128.png,Levis
https://www.bankofamerica.com,Bank Of America,Redbubble,10%,12/31/2024,https://toesimg.bankofamerica.com/OPS/BankImages.ashx?ImageId=202412181000067660,Redbubble
https://www.bankofamerica.com,Bank Of America,Silversea,15%,02/14/2025,https://toesimg.bankofamerica.com/deals?=63410128128.png,Silversea
https://www.bankofamerica.com,Bank Of America,The Knot Invitations,$20.00,02/15/2025,https://toesimg.bankofamerica.com/OPS/BankImages.ashx?ImageId=202412211000071724,TheKnotInvitations
https://www.bankofamerica.com,Bank Of America,Turbo Tax,$20,04/15/2025,https://toesimg.bankofamerica.com/deals?=63557128128.png,TurboTax
https://www.bankofamerica.com,Bank Of America,QVC,3%,01/06/2025,https://toesimg.bankofamerica.com/deals?=63452128128.png,QVC
https://www.bankofamerica.com,Bank Of America,Royal Caribbean,15%,02/14/2025,https://toesimg.bankofamerica.com/deals?=63407128128.png,RoyalCaribbean
https://www.bankofamerica.com,Bank Of America,Ebay,10%,12/31/2024,https://toesimg.bankofamerica.com/deals?=63419128128.png,Ebay
https://www.bankofamerica.com,Bank Of America,Little Caesars,10%,12/31/2024,https://toesimg.bankofamerica.com/OPS/BankImages.ashx?ImageId=202412191000070287,LittleCaesars
https://www.bankofamerica.com,Bank Of America,Teleflora,20%,01/09/2025,https://toesimg.bankofamerica.com/deals?=63529128128.png,Teleflora
https://www.bankofamerica.com,Bank Of America,Hotels,Up to 20%,03/13/2025,https://toesimg.bankofamerica.com/deals?=63219128128.png,Hotels
https://www.bankofamerica.com,Bank Of America,Sephora,2%,01/25/2025,https://toesimg.bankofamerica.com/deals?=63569128128.png,Sephora
https://www.bankofamerica.com,Bank Of America,Taxact,30%,04/30/2025,https://toesimg.bankofamerica.com/deals?=63534128128.png,Taxact
https://www.bankofamerica.com,Bank Of America,1,10%,02/07/2025,https://toesimg.bankofamerica.com/OPS/BankImages.ashx?ImageId=202412241000071925,1
https://www.bankofamerica.com,Bank Of America,Sams,$10,02/02/2025,https://toesimg.bankofamerica.com/deals?=63515128128.png,Sams
https://www.bankofamerica.com,Bank Of America,Dyson,2%,12/31/2024,https://toesimg.bankofamerica.com/deals?=63476128128.jpeg,Dyson
https://www.bankofamerica.com,Bank Of America,Mint,Up to 50%,02/02/2025,https://toesimg.bankofamerica.com/deals?=63507128128.png,Mint
https://www.bankofamerica.com,Bank Of America,Baskin,10%,01/31/2025,https://toesimg.bankofamerica.com/OPS/BankImages.ashx?ImageId=202412181000071795,Baskin
https://www.bankofamerica.com,Bank Of America,Ancestry,12%,12/31/2024,https://toesimg.bankofamerica.com/deals?=63566128128.png,Ancestry
https://www.bankofamerica.com,Bank Of America,Saks,1%,12/31/2024,https://toesimg.bankofamerica.com/deals?=63453128128.png,Saks
https://www.bankofamerica.com,Bank Of America,Lululemon,2%,01/25/2025,https://toesimg.bankofamerica.com/deals?=63578128128.png,Lululemon
https://www.bankofamerica.com,Bank Of America,Macys,2%,01/25/2025,https://toesimg.bankofamerica.com/deals?=63559128128.png,Macys
https://www.bankofamerica.com,Bank Of America,Bloomingdale's,2%,01/25/2025,https://toesimg.bankofamerica.com/deals?=63582128128.png,Bloomingdales
https://www.bankofamerica.com,Bank Of America,Burberry,4%,12/31/2024,https://toesimg.bankofamerica.com/deals?=63509128128.png,Burberry
https://www.bankofamerica.com,Bank Of America,Kate Spade,2%,12/31/2024,https://toesimg.bankofamerica.com/deals?=63469128128.png,KateSpade
https://www.bankofamerica.com,Bank Of America,Lancome,3%,01/25/2025,https://toesimg.bankofamerica.com/deals?=63564128128.png,Lancome
https://www.bankofamerica.com,Bank Of America,Under Armour,3%,01/06/2025,https://toesimg.bankofamerica.com/deals?=63573128128.png,UnderArmour
https://www.bankofamerica.com,Bank Of America,Staples,2%,01/25/2025,https://toesimg.bankofamerica.com/deals?=63444128128.png,Staples
https://www.bankofamerica.com,Bank Of America,Carter's,3%,01/25/2025,https://toesimg.bankofamerica.com/deals?=63475128128.png,Carters
https://www.bankofamerica.com,Bank Of America,Urban Outfitters,2%,12/31/2024,https://toesimg.bankofamerica.com/deals?=63456128128.png,UrbanOutfitters
https://www.bankofamerica.com,Bank Of America,Walgreens,3%,01/25/2025,https://toesimg.bankofamerica.com/deals?=63575128128.png,Walgreens
https://www.bankofamerica.com,Bank Of America,Lowe's,1%,01/25/2025,https://toesimg.bankofamerica.com/deals?=63477128128.png,Lowes
https://www.bankofamerica.com,Bank Of America,Kate Spade Outlet,2%,12/31/2024,https://toesimg.bankofamerica.com/deals?=63494128128.png,KateSpadeOutlet
https://www.bankofamerica.com,Bank Of America,GNC,3%,01/25/2025,https://toesimg.bankofamerica.com/deals?=63518128128.png,GNC
https://www.bankofamerica.com,Bank Of America,HSN,2%,01/06/2025,https://toesimg.bankofamerica.com/deals?=63560128128.png,HSN
https://www.bankofamerica.com,Bank Of America,Walmart,1%,01/25/2025,https://toesimg.bankofamerica.com/deals?=63510128128.png,Walmart
https://www.bankofamerica.com,Bank Of America,Ruggable,2%,01/25/2025,https://toesimg.bankofamerica.com/deals?=63492128128.jpeg,Ruggable
https://www.bankofamerica.com,Bank Of America,Kohl's,2%,12/31/2024,https://toesimg.bankofamerica.com/deals?=63448128128.png,Kohls
https://www.bankofamerica.com,Bank Of America,Total Wine,2%,01/06/2025,https://toesimg.bankofamerica.com/deals?=63556128128.png,TotalWine
https://www.bankofamerica.com,Bank Of America,Samsung,4%,01/06/2025,https://toesimg.bankofamerica.com/deals?=63577128128.png,Samsung
https://www.bankofamerica.com,Bank Of America,Officedepot,2%,12/31/2024,https://toesimg.bankofamerica.com/deals?=63435128128.png,Officedepot
https://www.bankofamerica.com,Bank Of America,Paulaschoice,15% was 5%,12/31/2024,https://toesimg.bankofamerica.com/deals?=63586127127.png,Paulaschoice
https://www.bankofamerica.com,Bank Of America,Ace Hardware,2%,01/25/2025,https://toesimg.bankofamerica.com/deals?=63462128128.png,AceHardware
https://www.bankofamerica.com,Bank Of America,Sam's Club,1%,01/06/2025,https://toesimg.bankofamerica.com/deals?=63574128128.png,SamsClub
https://www.bankofamerica.com,Bank Of America,Neiman Marcus,4%,01/25/2025,https://toesimg.bankofamerica.com/deals?=63568128128.png,NeimanMarcus
https://www.bankofamerica.com,Bank Of America,Nike,2%,01/06/2025,https://toesimg.bankofamerica.com/deals?=63570128128.png,Nike
https://www.bankofamerica.com,Bank Of America,Dior Beauty,6%,12/31/2024,https://toesimg.bankofamerica.com/deals?=63580128128.png,DiorBeauty
https://www.bankofamerica.com,Bank Of America,Zappos,6%,01/25/2025,https://toesimg.bankofamerica.com/deals?=63432128128.png,Zappos
https://www.bankofamerica.com,Bank Of America,Bed Bath,2%,01/25/2025,https://toesimg.bankofamerica.com/deals?=63426128128.png,BedBath
https://www.bankofamerica.com,Bank Of America,Petsmart,5%,01/25/2025,https://toesimg.bankofamerica.com/deals?=63436128128.png,Petsmart
https://www.bankofamerica.com,Bank Of America,Bergdorf Goodman,1%,01/25/2025,https://toesimg.bankofamerica.com/deals?=63519128128.jpeg,BergdorfGoodman
https://www.bankofamerica.com,Bank Of America,Finish Line,4%,01/25/2025,https://toesimg.bankofamerica.com/deals?=63447128128.jpeg,FinishLine
https://www.bankofamerica.com,Bank Of America,Kiehl's,6%,01/25/2025,https://toesimg.bankofamerica.com/deals?=63565128128.png,Kiehls
https://www.bankofamerica.com,Bank Of America,Lego,2%,01/25/2025,https://toesimg.bankofamerica.com/deals?=63451128128.png,Lego
https://www.bankofamerica.com,Bank Of America,Bestbuy,1%,01/25/2025,https://toesimg.bankofamerica.com/deals?=63514128128.png,Bestbuy
https://www.bankofamerica.com,Bank Of America,Stubhub,3%,01/25/2025,https://toesimg.bankofamerica.com/deals?=63466128128.jpeg,Stubhub
https://www.bankofamerica.com,Bank Of America,Omaha Steaks,5%,12/31/2024,https://toesimg.bankofamerica.com/deals?=63500128128.jpeg,OmahaSteaks
https://www.bankofamerica.com,Bank Of America,Home Depot,1%,01/25/2025,https://toesimg.bankofamerica.com/deals?=63563128128.png,HomeDepot
https://www.bankofamerica.com,Bank Of America,Saks Off 5Th,2%,12/31/2024,https://toesimg.bankofamerica.com/deals?=63540128128.png,SaksOff5Th
https://www.bankofamerica.com,Bank Of America,Tory Burch,4%,01/25/2025,https://toesimg.bankofamerica.com/deals?=63474128128.png,ToryBurch
https://www.bankofamerica.com,Bank Of America,Adidas,5%,01/25/2025,https://toesimg.bankofamerica.com/deals?=63562128128.png,Adidas
https://www.bankofamerica.com,Bank Of America,Ulta Beauty,3%,01/06/2025,https://toesimg.bankofamerica.com/deals?=63561128128.png,UltaBeauty
https://www.bankofamerica.com,Bank Of America,Shutterfly,1%,01/25/2025,https://toesimg.bankofamerica.com/deals?=63525128128.png,Shutterfly
https://www.bankofamerica.com,Bank Of America,H,3%,12/31/2024,https://toesimg.bankofamerica.com/deals?=63483128128.png,H
https://www.bankofamerica.com,Bank Of America,Lg Electronics,3%,01/21/2025,https://toesimg.bankofamerica.com/deals?=63504128128.png,LgElectronics
https://www.bankofamerica.com,Bank Of America,Mac Cosmetics,5%,01/25/2025,https://toesimg.bankofamerica.com/deals?=63579128128.png,MacCosmetics
https://www.bankofamerica.com,Bank Of America,Giftcards,2%,12/31/2024,https://toesimg.bankofamerica.com/deals?=63508128128.png,Giftcards
https://www.bankofamerica.com,Bank Of America,Coach,1%,01/18/2025,https://toesimg.bankofamerica.com/deals?=63567128128.png,Coach
https://www.bankofamerica.com,Bank Of America,Kohler,3%,12/31/2024,https://toesimg.bankofamerica.com/deals?=63490128128.png,Kohler
https://www.bankofamerica.com,Bank Of America,Vivino,$20,01/06/2025,https://toesimg.bankofamerica.com/deals?=63538128128.png,Vivino
https://www.bankofamerica.com,Bank Of America,Car Rental,Up to 15%,01/09/2025,https://toesimg.bankofamerica.com/deals?=63517128128.png,CarRental
https://www.bankofamerica.com,Bank Of America,Grocery,Up to 30%,01/09/2025,https://toesimg.bankofamerica.com/deals?=63292128128.png,Grocery
https://www.bankofamerica.com,Bank Of America,Ticketsmarter,8%,01/26/2025,https://toesimg.bankofamerica.com/deals?=63422128128.png,Ticketsmarter
https://www.bankofamerica.com,Bank Of America,Turo,$30,01/26/2025,https://toesimg.bankofamerica.com/deals?=63415128128.png,Turo
https://www.bankofamerica.com,Bank Of America,Pomp Flowers,$20.00,01/30/2025,https://toesimg.bankofamerica.com/deals?=63384128128.png,PompFlowers
https://www.bankofamerica.com,Bank Of America,ADT,$850,02/10/2025,https://toesimg.bankofamerica.com/deals?=63526128128.png,ADT
https://www.bankofamerica.com,Bank Of America,Rose Farmers,$39.99,02/10/2025,https://toesimg.bankofamerica.com/deals?=63528128128.png,RoseFarmers
https://www.americanexpress.com/en-us/account/login/,American Express,Lululemon,"Spend $100 or more, earn $20 back",01/26/2025,https://www.aexp-static.com/amexoffers/images/logos/00P5b00001l7mtCEAQ,Lululemon
https://www.americanexpress.com/en-us/account/login/,American Express,At Home,"Earn 2% back on purchases, up to a total of $250",01/01/2025,https://www.aexp-static.com/amexoffers/images/logos/00P5b00001l7pFrEAI,AtHome
https://www.americanexpress.com/en-us/account/login/,American Express,Hilton,"Spend $750 or more, earn $150 back",03/31/2025,https://www.aexp-static.com/amexoffers/images/logos/00P5b00001l7om4EAA,Hilton
https://www.americanexpress.com/en-us/account/login/,American Express,West Marine,"Spend $100 or more, earn $30 back",02/23/2025,https://www.aexp-static.com/amexoffers/images/logos/00P5b00001l7oxHEAQ,WestMarine
https://www.americanexpress.com/en-us/account/login/,American Express,Urbanoutfitters,"Earn 3% back on purchases, up to a total of $250",01/01/2025,https://www.aexp-static.com/amexoffers/images/logos/00P5b00001l7kzYEAQ,Urbanoutfitters
https://www.americanexpress.com/en-us/account/login/,American Express,American Express Venue Collection,"Earn 10% back on qualifying concessions purchases, up to $250 per calendar year",12/31/2026,https://www.aexp-static.com/amexoffers/images/logos/00P5b00001l7e9AEAQ,AmericanExpressVenueCollection
https://www.americanexpress.com/en-us/account/login/,American Express,Wag,"Spend $60 or more, earn $25 back, up to 2 times (total of $50).",04/05/2025,https://www.aexp-static.com/amexoffers/images/logos/00P5b00001l7Q3WEAU,Wag
https://www.americanexpress.com/en-us/account/login/,American Express,Clinique,"Earn 6% back on purchases, up to a total of $250",01/01/2025,https://www.aexp-static.com/amexoffers/images/logos/00P5b00001l7odYEAQ,Clinique
https://www.americanexpress.com/en-us/account/login/,American Express,Ruggable,"Earn 3% back on purchases, up to a total of $250",01/01/2025,https://www.aexp-static.com/amexoffers/images/logos/00P5b00001l7ockEAA,Ruggable
https://www.americanexpress.com/en-us/account/login/,American Express,Best Western,"Spend $500 or more, earn $100 back at select locations in the US and Canada",12/31/2024,https://www.aexp-static.com/amexoffers/images/logos/00P5b00001l7mWBEAY,BestWestern
https://www.americanexpress.com/en-us/account/login/,American Express,Tecovas,"Spend $250 or more, earn $50 back",03/23/2025,https://www.aexp-static.com/amexoffers/images/logos/00P5b00001fmJ8IEAU,Tecovas
https://www.americanexpress.com/en-us/account/login/,American Express,Aldo Shoes,"Earn 5% back on purchases, up to a total of $250",01/01/2025,https://www.aexp-static.com/amexoffers/images/logos/00P5b00001l7pFmEAI,AldoShoes
https://www.americanexpress.com/en-us/account/login/,American Express,Officesupply,"Spend $75 or more, earn $20 back",01/31/2025,https://www.aexp-static.com/amexoffers/images/logos/00P5b00001SeC7KEAV,Officesupply
https://www.americanexpress.com/en-us/account/login/,American Express,Jared,"Spend $500 or more, earn $100 back",02/15/2025,https://www.aexp-static.com/amexoffers/images/logos/00P5b00001l7nAzEAI,Jared
https://www.americanexpress.com/en-us/account/login/,American Express,Pandora Jewelry,"Earn 6% back on purchases, up to a total of $250",01/01/2025,https://www.aexp-static.com/amexoffers/images/logos/00P5b00001l7pFwEAI,PandoraJewelry
https://www.americanexpress.com/en-us/account/login/,American Express,Warby Parker,"Spend $90 or more, earn $20 back",02/23/2025,https://www.aexp-static.com/amexoffers/images/logos/00P5b00001cJFdYEAW,WarbyParker
https://www.americanexpress.com/en-us/account/login/,American Express,Stio,"Earn 8% back on purchases, up to a total of $250",01/01/2025,https://www.aexp-static.com/amexoffers/images/logos/00P5b00001l7od4EAA,Stio
https://www.americanexpress.com/en-us/account/login/,American Express,Tommy John,"Spend $60 or more, earn $15 back",01/31/2025,https://www.aexp-static.com/amexoffers/images/logos/00P5b00001l7ariEAA,TommyJohn
https://www.americanexpress.com/en-us/account/login/,American Express,Keurig,"Earn 3% back on purchases, up to a total of $250",01/01/2025,https://www.aexp-static.com/amexoffers/images/logos/00P5b00001l7ktkEAA,Keurig
https://www.americanexpress.com/en-us/account/login/,American Express,Levi's,"Spend $175 or more, earn $35 back",02/15/2025,https://www.aexp-static.com/amexoffers/images/logos/00P5b00001l7iqpEAA,Levis
https://www.americanexpress.com/en-us/account/login/,American Express,Newegg,"Earn 2% back on purchases, up to a total of $250",01/01/2025,https://www.aexp-static.com/amexoffers/images/logos/00P5b00001l7kzsEAA,Newegg
https://www.americanexpress.com/en-us/account/login/,American Express,Red Lobster,"Spend $50 or more, earn $10 back, up to 2 times (total of $20).",02/13/2025,https://www.aexp-static.com/amexoffers/images/logos/00P5b00001l7qdZEAQ,RedLobster
https://www.americanexpress.com/en-us/account/login/,American Express,Tomthumb,"Earn 5% back on purchases, up to a total of $20",05/31/2025,https://www.aexp-static.com/amexoffers/images/logos/00P5b00001l7Wr8EAE,Tomthumb
https://www.americanexpress.com/en-us/account/login/,American Express,Vans,"Earn 3% back on purchases, up to a total of $250",01/01/2025,https://www.aexp-static.com/amexoffers/images/logos/00P5b00001l7k2NEAQ,Vans
https://www.americanexpress.com/en-us/account/login/,American Express,Turbotax,"Spend $50 or more, earn $20",04/16/2025,https://www.aexp-static.com/amexoffers/images/logos/00P5b00001l7rRbEAI,Turbotax
https://www.americanexpress.com/en-us/account/login/,American Express,Iherb,"Earn 6% back on purchases, up to a total of $250",01/01/2025,https://www.aexp-static.com/amexoffers/images/logos/00P5b00001l7lEdEAI,Iherb
https://www.americanexpress.com/en-us/account/login/,American Express,Rocket Lawyer,"Spend $239 or more, earn $95",02/28/2025,https://www.aexp-static.com/amexoffers/images/logos/00P5b00001l7l0MEAQ,RocketLawyer
https://www.americanexpress.com/en-us/account/login/,American Express,Oura,"Spend $250 or more, get $50 back",01/02/2025,https://www.aexp-static.com/amexoffers/images/logos/00P5b00001l7Qm4EAE,Oura
https://www.americanexpress.com/en-us/account/login/,American Express,Natori,"Spend $75 or more, earn $25 back",04/05/2025,https://www.aexp-static.com/amexoffers/images/logos/00P5b00001l7oRJEAY,Natori
https://www.americanexpress.com/en-us/account/login/,American Express,Champion,"Earn 3% back on purchases, up to a total of $250",01/01/2025,https://www.aexp-static.com/amexoffers/images/logos/00P5b00001l7lE4EAI,Champion
https://www.americanexpress.com/en-us/account/login/,American Express,Pga National Resort,"Spend $750 or more, earn $150 back",03/02/2025,https://www.aexp-static.com/amexoffers/images/logos/00P5b00001cJMoPEAW,PgaNationalResort
https://www.americanexpress.com/en-us/account/login/,American Express,Oriental Trading,"Spend $75 or more, earn $15 back",02/15/2025,https://www.aexp-static.com/amexoffers/images/logos/00P5b00001cGT7GEAW,OrientalTrading
https://www.americanexpress.com/en-us/account/login/,American Express,Wilson Sporting Goods,"Spend $125 or more, earn $25 back",02/11/2025,https://www.aexp-static.com/amexoffers/images/logos/00P5b00001l7nApEAI,WilsonSportingGoods
https://www.americanexpress.com/en-us/account/login/,American Express,Spokeo,"Spend $15 or more, earn $3 back",05/18/2025,https://www.aexp-static.com/amexoffers/images/logos/00P5b00001l7nsxEAA,Spokeo
https://www.americanexpress.com/en-us/account/login/,American Express,Moma Design Store,"Spend $150 or more, earn $15 back",02/28/2025,https://www.aexp-static.com/amexoffers/images/logos/00P3Z00001YZg60UAD,MomaDesignStore
https://www.americanexpress.com/en-us/account/login/,American Express,Exxon Mobil Rewards,"Spend $25 or more, get $5 back",12/31/2024,https://www.aexp-static.com/amexoffers/images/logos/00P5b00001Em0mFEAR,ExxonMobilRewards
https://www.americanexpress.com/en-us/account/login/,American Express,Beyondyoga,"Earn 5% back on purchases, up to a total of $250",01/01/2025,https://www.aexp-static.com/amexoffers/images/logos/00P5b00001l7obIEAQ,Beyondyoga
https://www.americanexpress.com/en-us/account/login/,American Express,Knix,"Spend $100 or more, earn $20 back, up to 2 times (total of $40).",12/31/2024,https://www.aexp-static.com/amexoffers/images/logos/00P5b00001l7ml4EAA,Knix
https://www.americanexpress.com/en-us/account/login/,American Express,Mattressfirm,"Earn 3% back on purchases, up to a total of $250",01/01/2025,https://www.aexp-static.com/amexoffers/images/logos/00P5b00001l7oZWEAY,Mattressfirm
https://www.americanexpress.com/en-us/account/login/,American Express,Sharperimage,"Spend $100 or more, earn $20 back",02/26/2025,https://www.aexp-static.com/amexoffers/images/logos/00P5b00001l7oZCEAY,Sharperimage
https://www.americanexpress.com/en-us/account/login/,American Express,Frankandeileen,"Earn 3% back on purchases, up to a total of $250",01/01/2025,https://www.aexp-static.com/amexoffers/images/logos/00P5b00001l7kzOEAQ,Frankandeileen
https://www.americanexpress.com/en-us/account/login/,American Express,Paragon Sports,"Spend $50 or more, earn $10 back",01/25/2025,https://www.aexp-static.com/amexoffers/images/logos/00P5b00001l7oR4EAI,ParagonSports
https://www.americanexpress.com/en-us/account/login/,American Express,Spencer,"Spend $50 or more, earn $10 back",12/31/2024,https://www.aexp-static.com/amexoffers/images/logos/00P5b00001l7aamEAA,Spencer
https://www.americanexpress.com/en-us/account/login/,American Express,Teleflora,"Spend $15 or more, earn $15 back, up to 10 times (total of $150).",01/31/2025,https://www.aexp-static.com/amexoffers/images/logos/00P5b000017BjIHEA0,Teleflora
https://www.americanexpress.com/en-us/account/login/,American Express,Ariat,"Spend $100 or more, earn $20 back",03/06/2025,https://www.aexp-static.com/amexoffers/images/logos/00P5b00001ZVXtWEAX,Ariat
https://www.americanexpress.com/en-us/account/login/,American Express,Tonal,"Spend $1,000 or more, get $250 back",12/31/2024,https://www.aexp-static.com/amexoffers/images/logos/00P5b00001CiM0lEAF,Tonal
https://www.americanexpress.com/en-us/account/login/,American Express,UGG,"Earn 3% back on purchases, up to a total of $250",01/01/2025,https://www.aexp-static.com/amexoffers/images/logos/00P5b00001l7k28EAA,UGG
https://www.americanexpress.com/en-us/account/login/,American Express,Solo Stove,"Spend $250 or more, earn $50 back",04/30/2025,https://www.aexp-static.com/amexoffers/images/logos/00P3Z00001fSDkpUAG,SoloStove
https://www.americanexpress.com/en-us/account/login/,American Express,Sur La Table,"Spend $50 or more, earn $10 back",01/20/2025,https://www.aexp-static.com/amexoffers/images/logos/00P5b00001l7KMnEAM,SurLaTable
https://www.americanexpress.com/en-us/account/login/,American Express,Tnuck,"Earn 6% back on purchases, up to a total of $250",01/01/2025,https://www.aexp-static.com/amexoffers/images/logos/00P5b00001l7kzJEAQ,Tnuck
https://www.americanexpress.com/en-us/account/login/,American Express,Snakeriverfarms,"Earn 2% back on purchases, up to a total of $250",01/01/2025,https://www.aexp-static.com/amexoffers/images/logos/00P5b00001l7oczEAA,Snakeriverfarms
https://www.americanexpress.com/en-us/account/login/,American Express,Contactsdirect,"Spend $100 or more, earn $20 back",01/31/2025,https://www.aexp-static.com/amexoffers/images/logos/00P5b00001OwzaXEAR,Contactsdirect
https://www.americanexpress.com/en-us/account/login/,American Express,Hollywood Feed,"Spend $60 or more, earn $20 back",04/02/2025,https://www.aexp-static.com/amexoffers/images/logos/00P5b00001SflIZEAZ,HollywoodFeed
https://www.americanexpress.com/en-us/account/login/,American Express,Fontainebleau Las Vegas,"Spend $1,000 or more, earn $200 back",12/31/2024,https://www.aexp-static.com/amexoffers/images/logos/00P5b00001l7XhwEAE,FontainebleauLasVegas
https://www.americanexpress.com/en-us/account/login/,American Express,Loccitane,"Earn 3% back on purchases, up to a total of $250",01/01/2025,https://www.aexp-static.com/amexoffers/images/logos/00P5b00001l7kzTEAQ,Loccitane
https://www.americanexpress.com/en-us/account/login/,American Express,Verabradley,"Earn 6% back on purchases, up to a total of $250",01/01/2025,https://www.aexp-static.com/amexoffers/images/logos/00P5b00001l7lD1EAI,Verabradley
https://www.americanexpress.com/en-us/account/login/,American Express,Lg,"Earn 4% back on purchases, up to a total of $250",01/01/2025,https://www.aexp-static.com/amexoffers/images/logos/00P5b00001l7obhEAA,Lg
https://www.americanexpress.com/en-us/account/login/,American Express,Milk Bar,"Spend $25 or more, earn $5 back, up to 2 times (total of $10).",12/31/2024,https://www.aexp-static.com/amexoffers/images/logos/00P5b00000y8u4REAQ,MilkBar
https://www.americanexpress.com/en-us/account/login/,American Express,Nflshop,"Spend $100 or more, get $20 back, up to 2 times (total of $40).",02/16/2025,https://www.aexp-static.com/amexoffers/images/logos/00P5b00001CiXnVEAV,Nflshop
https://www.americanexpress.com/en-us/account/login/,American Express,Saucony,"Spend $120 or more, earn $20 back",02/28/2025,https://www.aexp-static.com/amexoffers/images/logos/00P5b00001l7RJdEAM,Saucony
https://www.americanexpress.com/en-us/account/login/,American Express,Kitchenaid,"Earn 4% back on purchases, up to a total of $250",01/01/2025,https://www.aexp-static.com/amexoffers/images/logos/00P5b00001l7lDQEAY,Kitchenaid
https://www.americanexpress.com/en-us/account/login/,American Express,Philosophy,"Earn 8% back on purchases, up to a total of $250",01/01/2025,https://www.aexp-static.com/amexoffers/images/logos/00P5b00001l7oc1EAA,Philosophy
https://www.americanexpress.com/en-us/account/login/,American Express,Rugsusa,"Earn 3% back on purchases, up to a total of $250",01/01/2025,https://www.aexp-static.com/amexoffers/images/logos/00P5b00001l7l0HEAQ,Rugsusa
https://www.americanexpress.com/en-us/account/login/,American Express,Good American,"Spend $100 or more, earn $20 back",03/01/2025,https://www.aexp-static.com/amexoffers/images/logos/00P5b00001l7of5EAA,GoodAmerican
https://www.americanexpress.com/en-us/account/login/,American Express,Eberjey,"Earn 5% back on purchases, up to a total of $250",01/01/2025,https://www.aexp-static.com/amexoffers/images/logos/00P5b00001l7lDVEAY,Eberjey
https://www.americanexpress.com/en-us/account/login/,American Express,Honeylove,"Earn 3% back on purchases, up to a total of $250",01/01/2025,https://www.aexp-static.com/amexoffers/images/logos/00P5b00001l7oevEAA,Honeylove
https://www.americanexpress.com/en-us/account/login/,American Express,Estéelauder,"Spend $75 or more, earn $15 back",12/31/2024,https://www.aexp-static.com/amexoffers/images/logos/00P3Z00001UiUhwUAF,Estéelauder
https://www.americanexpress.com/en-us/account/login/,American Express,Fragrancenet,"Spend $125 or more, earn $25 back, up to 2 times (total of $50).",02/21/2025,https://www.aexp-static.com/amexoffers/images/logos/00P5b00001l7kE7EAI,Fragrancenet
https://www.americanexpress.com/en-us/account/login/,American Express,Discovery,"Spend $4.99 or more, get $4.99 back monthly, for up to 3 months",12/31/2024,https://www.aexp-static.com/amexoffers/images/logos/00P5b00001l7e8qEAA,Discovery
https://www.americanexpress.com/en-us/account/login/,American Express,Bobbibrowncosmetics,"Earn 8% back on purchases, up to a total of $250",01/01/2025,https://www.aexp-static.com/amexoffers/images/logos/00P5b00001l7lE9EAI,Bobbibrowncosmetics
https://www.americanexpress.com/en-us/account/login/,American Express,Johnston Murphy,"Earn 6% back on purchases, up to a total of $250",01/01/2025,https://www.aexp-static.com/amexoffers/images/logos/00P5b00001l7k2IEAQ,JohnstonMurphy
https://www.americanexpress.com/en-us/account/login/,American Express,Theartofshaving,"Earn 6% back on purchases, up to a total of $250",01/01/2025,https://www.aexp-static.com/amexoffers/images/logos/00P5b00001l7oegEAA,Theartofshaving
https://www.americanexpress.com/en-us/account/login/,American Express,Rover,"Spend $25 or more, earn $5 back",12/31/2024,https://www.aexp-static.com/amexoffers/images/logos/00P5b00001l7dbOEAQ,Rover
https://www.americanexpress.com/en-us/account/login/,American Express,Grownalchemist,"Earn 12% back on purchases, up to a total of $250",01/01/2025,https://www.aexp-static.com/amexoffers/images/logos/00P5b00001l7odiEAA,Grownalchemist
https://www.americanexpress.com/en-us/account/login/,American Express,Ocean Prime,"Spend $125 or more, earn $25",12/30/2024,https://www.aexp-static.com/amexoffers/images/logos/00P5b00001l7jUvEAI,OceanPrime
https://www.americanexpress.com/en-us/account/login/,American Express,Intimissimi,"Earn 6% back on purchases, up to a total of $250",01/01/2025,https://www.aexp-static.com/amexoffers/images/logos/00P5b00001l7ocuEAA,Intimissimi
https://www.americanexpress.com/en-us/account/login/,American Express,Heydude,"Earn 5% back on purchases, up to a total of $250",01/01/2025,https://www.aexp-static.com/amexoffers/images/logos/00P5b00001l7lEnEAI,Heydude
https://www.americanexpress.com/en-us/account/login/,American Express,Loveshackfancy,"Spend $250 or more, earn $50 back",01/15/2025,https://www.aexp-static.com/amexoffers/images/logos/00P5b00001ZWGfBEAX,Loveshackfancy
https://www.americanexpress.com/en-us/account/login/,American Express,Trafalgar,"Spend $1,000 or more, earn $200 back",05/22/2025,https://www.aexp-static.com/amexoffers/images/logos/00P5b00001l7nd2EAA,Trafalgar
https://www.americanexpress.com/en-us/account/login/,American Express,Jd Sports,"Earn 2% back on purchases, up to a total of $250",01/01/2025,https://www.aexp-static.com/amexoffers/images/logos/00P5b00001l7k2DEAQ,JdSports
https://www.americanexpress.com/en-us/account/login/,American Express,Harryanddavid,"Spend $75 or more, earn $15 back",12/31/2024,https://www.aexp-static.com/amexoffers/images/logos/00P5b00001l7lCcEAI,Harryanddavid
https://www.americanexpress.com/en-us/account/login/,American Express,Turo,"Spend $150 or more, earn $30 back",04/03/2025,https://www.aexp-static.com/amexoffers/images/logos/00P5b00001kIVHoEAO,Turo
https://www.americanexpress.com/en-us/account/login/,American Express,Metmuseum,"Earn 2% back on purchases, up to a total of $250",01/01/2025,https://www.aexp-static.com/amexoffers/images/logos/00P5b00001l7kzdEAA,Metmuseum
https://www.americanexpress.com/en-us/account/login/,American Express,Chicago Steak,"Spend $30 or more, earn $10 back",03/04/2025,https://www.aexp-static.com/amexoffers/images/logos/00P5b00001l7pFhEAI,ChicagoSteak
https://www.americanexpress.com/en-us/account/login/,American Express,Origins,"Earn 5% back on purchases, up to a total of $250",01/01/2025,https://www.aexp-static.com/amexoffers/images/logos/00P5b00001l7odTEAQ,Origins
https://www.americanexpress.com/en-us/account/login/,American Express,Big Sky Resort,"Spend $250 or more, earn $50 back",03/22/2025,https://www.aexp-static.com/amexoffers/images/logos/00P5b00001l7jsaEAA,BigSkyResort
https://www.americanexpress.com/en-us/account/login/,American Express,Melin,"Spend $50 or more, earn $20 back",01/04/2025,https://www.aexp-static.com/amexoffers/images/logos/00P5b00001l7OMyEAM,Melin
https://www.americanexpress.com/en-us/account/login/,American Express,Zales,"Spend $500 or more, earn $100 back",01/27/2025,https://www.aexp-static.com/amexoffers/images/logos/00P5b00001l7owdEAA,Zales
https://www.americanexpress.com/en-us/account/login/,American Express,Eyeconic,"Earn 3% back on purchases, up to a total of $250",01/01/2025,https://www.aexp-static.com/amexoffers/images/logos/00P5b00001l7obrEAA,Eyeconic
https://www.americanexpress.com/en-us/account/login/,American Express,Bissell,"Earn 3% back on purchases, up to a total of $250",01/01/2025,https://www.aexp-static.com/amexoffers/images/logos/00P5b00001l7lExEAI,Bissell
https://www.americanexpress.com/en-us/account/login/,American Express,Kuhl,"Earn 3% back on purchases, up to a total of $250",01/01/2025,https://www.aexp-static.com/amexoffers/images/logos/00P5b00001l7kznEAA,Kuhl
https://www.americanexpress.com/en-us/account/login/,American Express,JBL,"Earn 10% back on purchases, up to a total of $250",01/01/2025,https://www.aexp-static.com/amexoffers/images/logos/00P5b00001l7lCwEAI,JBL
https://www.americanexpress.com/en-us/account/login/,American Express,Glassesusa,"Spend $100 or more, get $20 back",01/08/2025,https://www.aexp-static.com/amexoffers/images/logos/00P5b00001cJEGxEAO,Glassesusa
https://www.americanexpress.com/en-us/account/login/,American Express,Caesars Rewards,"Spend $200 or more, earn $40 back",Expires tomorrow,https://www.aexp-static.com/amexoffers/images/logos/00P5b00001l7lFMEAY,CaesarsRewards
https://www.americanexpress.com/en-us/account/login/,American Express,Ancestrydna,"Earn 20% back on a single purchase, up to a total of $70",05/18/2025,https://www.aexp-static.com/amexoffers/images/logos/00P5b00001l7ntHEAQ,Ancestrydna
https://www.americanexpress.com/en-us/account/login/,American Express,Avocado Green Mattress,"Spend $500 or more, earn $100 back",03/31/2025,https://www.aexp-static.com/amexoffers/images/logos/00P5b00001cJLCXEA4,AvocadoGreenMattress
https://www.americanexpress.com/en-us/account/login/,American Express,Jenni Kayne,"Spend $250 or more, get $50 back",01/15/2025,https://www.aexp-static.com/amexoffers/images/logos/00P5b00001CiXnzEAF,JenniKayne
https://www.americanexpress.com/en-us/account/login/,American Express,Canon,"Earn 3% back on purchases, up to a total of $250",01/01/2025,https://www.aexp-static.com/amexoffers/images/logos/00P5b00001l7ocpEAA,Canon
https://www.americanexpress.com/en-us/account/login/,American Express,Omni Hotels,"Spend $750 or more, earn $150 back. Enroll by 2/20/2025.",03/20/2025,https://www.aexp-static.com/amexoffers/images/logos/00P5b00001l7NKHEA2,OmniHotels
https://www.americanexpress.com/en-us/account/login/,American Express,Eventticketscenter,"Earn 6% back on purchases, up to a total of $250",01/01/2025,https://www.aexp-static.com/amexoffers/images/logos/00P5b00001l7lD6EAI,Eventticketscenter
